category,topic
finance,사회초년생을 위한 첫 적금 고르는 법
finance,파킹통장과 CMA 차이 완벽 정리
finance,신용점수 올리는 현실적인 방법 7가지
finance,연말정산 미리 준비하는 절세 팁
finance,비상금 통장은 얼마를 모아야 할까
finance,청약통장 200% 활용법
finance,직장인을 위한 4대보험 완벽 이해
finance,주식 초보를 위한 분산투자 기초
finance,ETF와 펀드 차이 쉽게 이해하기
finance,월급 관리 자동이체 시스템 만들기
health,아침 공복 운동이 정말 효과 있을까
health,수면의 질을 높이는 생활 습관
health,직장인 목/허리 통증 예방 스트레칭
health,물 많이 마시면 정말 다이어트에 도움될까
health,계단 오르기 운동 효과와 방법
health,카페인이 수면에 미치는 영향
health,홈트레이닝 초보자 루틴 짜는 법
health,걷기 운동만으로 살 빠질까
health,눈 건강 지키는 생활 습관
health,스트레스 관리에 좋은 호흡법
tech,스마트폰 배터리 오래 쓰는 설정법
tech,무료로 쓸 수 있는 클라우드 저장소 비교
tech,와이파이 속도 느려질 때 점검할 것들
tech,중고 스마트폰 구매 전 확인 사항
tech,이메일 피싱 구별하는 방법
tech,비밀번호 관리 앱 제대로 쓰는 법
tech,스마트폰 사진 용량 정리하는 법
tech,공유기 보안 설정 기본 가이드
tech,생산성 높여주는 무료 앱 추천
tech,PC 느려질 때 점검 순서
life,자취생을 위한 냉장고 정리법
life,분리수거 제대로 하는 방법
life,장마철 곰팡이 예방하는 생활 습관
life,겨울철 난방비 아끼는 현실적인 방법
life,이사할 때 놓치기 쉬운 체크리스트
life,미니멀 라이프 시작하는 법
life,반려식물 초보자를 위한 관리법
life,계절별 옷장 정리 노하우
life,생활비 절약을 위한 장보기 습관
life,집에서 할 수 있는 간단한 정리정돈 팁
self_dev,아침 루틴이 하루를 바꾸는 이유
self_dev,집중력을 높이는 시간관리 방법
self_dev,작심삼일을 극복하는 습관 형성법
self_dev,독서 습관 만드는 현실적인 방법
self_dev,번아웃 예방하는 생활 습관
self_dev,목표 설정을 잘하는 방법
self_dev,미루는 습관 고치는 실천법
self_dev,이직을 고민할 때 체크할 것들
self_dev,효율적인 회의를 위한 팁
self_dev,퇴근 후 자기계발 시간 만드는 법
